3;Sara;Davila;kellygonzalez@yahoo.com;3723009197;288163804;1981-10-01
4;Timothy;Walton;mejialisa@rosario.com;3374646138;55783013;1969-05-11
5;Samuel;Koch;zjohnson@kelly-williams.net;1739258433;785507886;1965-04-19
6;Pam;Hamilton;frobinson@lewis.biz;8476272719;653992757;1981-08-13
7;Sabrina;Morris;christophercollins@evans-benson.com;3523478958;132374420;1962-01-10
8;Angel;Barber;tgomez@walker.com;5285648167;625286894;1963-09-06
9;Shannon;Hall;rtaylor@jones.com;5900463093;18927197;1987-12-22
10;Aaron;Jones;jeffrey57@garcia-smith.com;7858649441;217333291;1966-11-27
11;Jessica;Torres;portermaurice@valenzuela.net;2692305121;4207246;1978-03-27
12;Adam;Torres;sarahgreen@yahoo.com;4133910038;698829032;1970-10-08
13;Mary;Baker;williamblankenship@archer.net;1286596616;86158871;1957-07-31
14;Megan;Miller;nelsonbilly@gmail.com;7961423439;2580006297;1996-11-02
15;Matthew;Williams;jakeramirez@gmail.com;3592340793;4495442956;1988-06-15
16;Mary;Hayes;calvin73@yahoo.com;8742023838;62308974;2003-12-02
17;Daniel;Sanders;juliaknapp@gmail.com;9287647883;311685184;1985-10-06
18;Nicole;Foster;simpsonteresa@gmail.com;4002560446;1821241;1985-07-31
19;Brandon;Davis;timothywalker@mccoy-douglas.com;3280883804;133232287;1970-05-16
20;Jill;Barry;morgan41@gmail.com;1958349057;2862497453;1994-09-11
21;Catherine;Turner;shellylopez@yahoo.com;6405148626;36410282;1965-08-30
22;Jennifer;Nelson;braysusan@sanchez.biz;8023300402;43288757;1973-06-02
23;Jessica;Archer;jennifer08@robles.info;5336164950;2578617;1978-04-12
24;Richard;Williams;andrew85@yahoo.com;3056654170;6128581930;1966-11-01
25;Allen;Davis;millerkaren@yahoo.com;5674677741;454382982;1980-05-08
26;Jennifer;Smith;chadbell@li-wiley.com;7681044480;377060676;1962-12-14
27;Abigail;Herrera;reedashley@hotmail.com;3500144341;21702954;1965-06-08
28;Andrew;Campbell;qscott@fitzpatrick.com;5035032740;27882080;1987-10-21
29;Amy;Ford;calvinmorris@yahoo.com;5063550336;1932501410;1976-02-11
30;Brittney;Edwards;fosterjeffrey@jacobs.net;3354465169;4819503476;1975-11-16
31;Kevin;Hunter;hannah38@davis.com;3722282039;92970037;1974-01-15
32;Joy;Aguirre;josemurphy@lopez.biz;7359495814;6522487480;1995-03-30
33;Michelle;Foster;kylepope@hotmail.com;2773572868;9969650;2006-06-26
34;Jamie;Black;anitahoffman@reese.com;7643090819;2454759;1965-05-02
35;Jeffrey;Smith;cruzscott@gmail.com;5288495066;15230035;1991-06-18
36;Brittany;Michael;sswanson@yahoo.com;7905946011;232783111;1982-08-02
37;Adam;Barnes;dbrown@hotmail.com;2337648635;8983073584;1988-12-02
38;Amanda;Wilson;jennifer10@foster.com;8026889379;96191622;1969-08-15
39;Heidi;Barajas;torresrobert@sanchez.biz;2846929951;582367027;1955-11-12
40;Robert;Rowe;michael11@hotmail.com;6483672686;1589440;1972-06-26
41;Peter;Anderson;benjaminerin@yahoo.com;7800840351;8763680;1969-09-23
42;Ann;Gibson;snyderjeremy@lee.com;7808629888;85948251;1993-07-17
43;David;Mcknight;marshallanthony@yahoo.com;5661281768;175048819;1989-08-29
44;Robert;Williams;pauladkins@gmail.com;9039749809;1364605;1988-07-04
45;Amber;Larson;joseph46@reed-johnson.com;3077539692;5869865436;1961-08-31
46;Courtney;Brown;mollymartinez@wiley.com;9667188499;4617675522;1990-09-12
47;Rachel;Reynolds;cheryl04@cox.com;9276575896;145073858;2005-04-19
48;Robert;Whitney;fowlerjeffrey@perez.com;2249533985;274063190;1999-12-16
49;Jessica;Evans;daviscalvin@conrad.com;2442893567;6245396;1998-07-24
50;James;Chang;camachoanthony@yahoo.com;1882343260;463343534;1999-01-10
51;Erin;Mclaughlin;keithreynolds@alexander.info;3584132599;8603563941;2006-06-12
52;Mary;Kelly;meganmorris@turner-foley.net;3561628295;1213465596;1981-01-03
53;Benjamin;Ware;neilwhite@wagner.info;6214682751;8527526;1981-09-01
54;Samantha;Gomez;laura23@travis.com;8576339082;37102733;1991-08-01
55;Tammy;Logan;smithjames@gmail.com;9552054728;90267884;1975-06-12
56;Mary;Diaz;masseydon@hotmail.com;1435128806;494345399;1966-05-31
57;Justin;Carter;annette37@gmail.com;7566694773;49527207;1993-06-22
58;Alvin;Adams;jmeyer@david.com;8237880463;8986170589;1993-03-20
59;Joseph;Mcdaniel;nlittle@hotmail.com;2027491538;73513844;2005-06-13
60;Jeffrey;Simpson;peggyroberts@gmail.com;8773410285;63363355;1993-12-17
61;Cynthia;Massey;michaelsnyder@davis.com;6075145144;95547770;1982-01-26
62;Thomas;Becker;martinezlaura@sanchez.net;1795860105;1052614;1973-09-07
63;Kathleen;Henderson;peggy61@patton-johnson.net;5705861212;88570176;1978-12-11
64;Anthony;Greene;xbridges@gmail.com;7996356629;985661584;1973-05-18
65;Michael;Trujillo;lmeyer@gmail.com;1976602152;4570101;1978-09-16
66;Lindsey;Anderson;johnsonstacy@hotmail.com;7728147280;8713748;1962-01-01
67;Lisa;Watts;thomasronald@walters.com;3027314712;9683314;1978-12-22
68;Kimberly;Acosta;tguzman@gmail.com;6747571644;9589646468;1975-10-04
69;Rose;Fitzgerald;rsmith@gonzalez-bartlett.com;5722494308;67468213;1970-10-29
70;Barbara;Lopez;kevinvargas@montoya.com;7908855410;59357935;2004-04-14
71;Austin;Baxter;amandawillis@fischer-gibbs.org;9278055003;5263664;1979-11-10
72;Gregory;Parker;jesus59@gmail.com;9552158076;3333061616;1985-05-25
73;Sheri;Sandoval;philip21@sherman.com;4158273464;393946067;1969-05-25
74;Deanna;Brown;paulamanda@nichols-brown.net;9186679075;7444355187;1997-11-14
75;Breanna;Carson;amandarobbins@yahoo.com;4687856666;845881963;1994-12-24
76;Cheryl;Gonzalez;fcook@hotmail.com;8872327488;6637041353;1998-05-19
77;Julie;Sanchez;melissamendoza@hotmail.com;1847603516;553163137;1982-04-09
78;Nicole;Moore;karen85@gmail.com;8923975611;710353312;1957-10-08
79;Kathryn;Mcclure;larry12@gmail.com;5981515523;700412708;1956-02-09
80;Anthony;Stewart;sarahknight@gmail.com;8215473980;6381902641;1956-12-22
81;Jesse;Kelly;lblack@yahoo.com;3099679812;7977996;1977-11-25
82;Jennifer;Hill;nguyendavid@fleming.com;2984060000;520142320;1963-07-12
83;Carolyn;Harmon;brighttamara@hotmail.com;1031195976;3910017226;1970-04-11
84;Angela;Brown;andrew50@leon.com;8439305355;2603927;1958-03-24
85;Kayla;Duran;cathycontreras@hotmail.com;8726836148;8013557104;1963-02-11
86;Sarah;Garcia;jennifer33@gmail.com;9291153683;3808335;1965-08-27
87;William;Johnson;david21@rogers.com;4776320977;6604751232;1967-11-18
88;Lisa;Irwin;stevenwalker@moss-hayden.com;9077848228;36653128;1966-09-10
89;Lee;Johnson;sbrennan@gmail.com;4026794741;9358374;1955-06-02
90;Steve;Campbell;nicholas17@gmail.com;7732413547;485016186;1959-11-05
91;Larry;Johnson;jennifer31@hotmail.com;2435572984;4049606190;1993-12-29
92;Ronald;Reed;jessica12@sanchez-morse.com;5423559909;7939005;1978-11-08
93;Steven;Odom;brittany39@yahoo.com;2184434251;659985489;2005-07-16
94;Samuel;Morton;timothydurham@hotmail.com;3501499756;96781996;1989-09-09
95;Carol;Skinner;amber22@wilson-schaefer.net;6296479178;70296046;1990-06-21
96;Ricardo;Johns;ojones@hotmail.com;6041882131;3334175;1997-01-16
97;Michael;Duncan;larry63@adams.info;8951349335;45258540;1956-01-13
98;Jordan;Duncan;stephenmoore@thompson-randolph.info;8929743625;88630034;1995-11-30
99;Richard;Santiago;travis29@bartlett-ball.com;6272642281;886764833;1982-08-01
100;Robert;Alvarado;jennifer04@bush.com;8802945653;5366748287;2006-02-28
101;Corey;Hart;vincentnorton@collins-horton.com;7009805483;7887429;1993-05-02
102;Noah;Burton;rpierce@hotmail.com;4609385696;29715910;2001-09-30
